"name","name_info","team","position","age","games","games_start","pass_comp","pass_att","pass_yds","pass_td","pass_int","rush_att","rush_yds","rush_yds_att","rush_td","targets","receptions","rec_yds","yds_rec","rec_td","fant_points","vbd","pos_rank","ovrank"
"ANTONIOBROWN","Antonio Brown*+","PIT","WR",27,16,16,0,0,0,0,0,3,28,9.33,0,193,136,1834,13.49,10,250,126,1,1
"DEVONTAFREEMAN","Devonta Freeman*","ATL","RB",23,15,13,0,0,0,0,0,265,1056,3.98,11,97,73,578,7.92,3,243,120,1,2
"JULIOJONES","Julio Jones*+","ATL","WR",26,16,16,0,0,0,0,0,0,0,,0,203,136,1871,13.76,8,237,113,2,3
"ADRIANPETERSON","Adrian Peterson*+","MIN","RB",30,16,16,0,0,0,0,0,327,1485,4.54,11,36,30,222,7.4,0,231,107,2,4
"CAMNEWTON","Cam Newton*+","CAR","QB",26,16,16,296,496,3837,35,10,132,636,4.82,10,0,0,0,,0,391,106,1,5
"BRANDONMARSHALL","Brandon Marshall*","NYJ","WR",31,16,16,0,0,0,0,0,0,0,,0,173,109,1502,13.78,14,230,106,3,6
"ALLENROBINSON","Allen Robinson*","JAX","WR",22,16,16,0,0,0,0,0,0,0,,0,151,80,1400,17.5,14,224,100,4,7
"ODELLBECKHAM","Odell Beckham*","NYG","WR",23,15,15,0,0,0,0,0,1,3,3,0,158,96,1450,15.1,13,223,99,5,8
"ROBGRONKOWSKI","Rob Gronkowski*+","NWE","TE",26,15,15,0,0,0,0,0,0,0,,0,120,72,1176,16.33,11,184,96,1,9
"DEANDREHOPKINS","DeAndre Hopkins*","HOU","WR",23,16,16,0,0,0,0,0,0,0,,0,192,111,1521,13.7,11,220,96,6,10
"DOUGMARTIN","Doug Martin*+","TAM","RB",26,16,16,0,0,0,0,0,288,1402,4.87,6,44,33,271,8.21,1,199,76,3,11
"GARYBARNIDGE","Gary Barnidge*","CLE","TE",30,16,13,0,0,0,0,0,0,0,,0,125,79,1043,13.2,9,158,71,2,12
"JORDANREED","Jordan Reed","WAS","TE",25,14,9,0,0,0,0,0,0,0,,0,114,87,952,10.94,11,157,70,3,13
"DEANGELOWILLIAMS","DeAngelo Williams","PIT","RB",32,16,10,0,0,0,0,0,200,907,4.54,11,47,40,367,9.18,0,191,68,4,14
"DOUGBALDWIN","Doug Baldwin","SEA","WR",27,16,16,0,0,0,0,0,0,0,,0,103,78,1069,13.71,14,191,67,7,15
"TODDGURLEY","Todd Gurley*","STL","RB",21,13,12,0,0,0,0,0,229,1106,4.83,10,26,21,188,8.95,0,189,66,5,16
"AJGREEN","A.J. Green*","CIN","WR",27,16,16,0,0,0,0,0,0,0,,0,132,86,1297,15.08,10,188,63,8,17
"GREGOLSEN","Greg Olsen*","CAR","TE",30,16,16,0,0,0,0,0,0,0,,0,124,77,1104,14.34,7,150,63,4,18
"DELANIEWALKER","Delanie Walker*","TEN","TE",31,15,10,0,0,0,0,0,1,36,36,0,133,94,1088,11.57,6,150,63,5,19
"LAMARMILLER","Lamar Miller","MIA","RB",24,16,16,0,0,0,0,0,194,872,4.49,8,57,47,397,8.45,2,185,62,6,20
"RUSSELLWILSON","Russell Wilson*","SEA","QB",27,16,16,329,483,4024,34,8,103,553,5.37,1,0,0,0,,0,344,59,2,21
"TOMBRADY","Tom Brady*","NWE","QB",38,16,16,402,624,4770,36,7,34,53,1.56,3,1,1,36,36,0,344,59,3,22
"TYLEREIFERT","Tyler Eifert*","CIN","TE",25,13,12,0,0,0,0,0,0,0,,0,74,52,615,11.83,13,140,52,6,23
"DAVIDJOHNSON","David Johnson","ARI","RB",24,16,5,0,0,0,0,0,125,581,4.65,8,57,36,457,12.69,4,174,51,7,24
"CHRISIVORY","Chris Ivory*","NYJ","RB",27,15,14,0,0,0,0,0,247,1070,4.33,7,37,30,217,7.23,1,173,49,9,25
"MATTFORTE","Matt Forte","CHI","RB",30,13,13,0,0,0,0,0,218,898,4.12,4,58,44,389,8.84,3,173,49,8,26
"CALVINJOHNSON","Calvin Johnson*","DET","WR",30,16,16,0,0,0,0,0,0,0,,0,149,88,1214,13.8,9,173,49,9,27
"ERICDECKER","Eric Decker","NYJ","WR",28,15,13,0,0,0,0,0,0,0,,0,132,80,1027,12.84,12,173,48,10,28
"LARRYFITZGERALD","Larry Fitzgerald*","ARI","WR",32,16,16,0,0,0,0,0,0,0,,0,145,109,1215,11.15,9,172,47,11,29
"BRANDINCOOKS","Brandin Cooks","NOR","WR",22,16,13,0,0,0,0,0,8,18,2.25,0,129,84,1138,13.55,9,170,45,12,30
"LATAVIUSMURRAY","Latavius Murray*","OAK","RB",25,16,16,0,0,0,0,0,266,1066,4.01,6,53,41,232,5.66,0,164,41,10,31
"DEMARYIUSTHOMAS","Demaryius Thomas","DEN","WR",28,16,16,0,0,0,0,0,0,0,,0,177,105,1304,12.42,6,164,40,13,32
"DANNYWOODHEAD","Danny Woodhead","SDG","RB",30,16,1,0,0,0,0,0,98,336,3.43,3,106,80,755,9.44,6,163,40,11,33
"BLAKEBORTLES","Blake Bortles","JAX","QB",23,16,16,355,606,4428,35,18,52,310,5.96,2,0,0,0,,0,324,39,4,34
"ALLENHURNS","Allen Hurns","JAX","WR",24,15,14,0,0,0,0,0,0,0,,0,105,64,1031,16.11,10,163,39,14,35
"FRANKGORE","Frank Gore","IND","RB",32,16,16,0,0,0,0,0,260,967,3.72,6,58,34,267,7.85,1,159,36,12,36
"JARVISLANDRY","Jarvis Landry*","MIA","WR",23,16,14,1,1,9,0,0,18,113,6.28,1,166,110,1157,10.52,4,159,35,15,37
"SAMMYWATKINS","Sammy Watkins","BUF","WR",22,13,13,0,0,0,0,0,1,1,1,0,96,60,1047,17.45,9,159,34,16,38
"JEREMYHILL","Jeremy Hill","CIN","RB",23,16,15,0,0,0,0,0,223,794,3.56,11,19,15,79,5.27,1,157,34,13,39
"DARRENMCFADDEN","Darren McFadden","DAL","RB",28,16,10,0,1,0,0,0,239,1089,4.56,3,53,40,328,8.2,0,156,32,14,40
"JEREMYMACLIN","Jeremy Maclin","KAN","WR",27,15,15,0,0,0,0,0,3,14,4.67,0,124,87,1088,12.51,8,156,32,17,41
"TRAVISKELCE","Travis Kelce*","KAN","TE",26,16,16,0,0,0,0,0,0,0,,0,103,72,875,12.15,5,118,30,7,42
"MARKINGRAM","Mark Ingram","NOR","RB",26,12,10,0,0,0,0,0,166,769,4.63,6,60,50,405,8.1,0,153,30,15,43
"BENWATSON","Ben Watson","NOR","TE",35,16,16,0,0,0,0,0,0,0,,0,110,74,825,11.15,6,117,29,8,44
"CARSONPALMER","Carson Palmer*","ARI","QB",36,16,16,342,537,4671,35,11,25,24,0.96,1,0,0,0,,0,309,24,5,45
"EMMANUELSANDERS","Emmanuel Sanders","DEN","WR",28,15,15,0,0,0,0,0,3,29,9.67,0,136,76,1135,14.93,6,148,24,18,46
"JONATHANSTEWART","Jonathan Stewart*","CAR","RB",28,13,13,0,0,0,0,0,242,989,4.09,6,21,16,99,6.19,1,147,24,16,47
"LESEANMCCOY","LeSean McCoy*","BUF","RB",27,12,12,0,0,0,0,0,203,895,4.41,3,50,32,292,9.13,2,147,23,17,48
"MICHAELCRABTREE","Michael Crabtree","OAK","WR",28,16,15,0,0,0,0,0,0,0,,0,146,85,922,10.85,9,146,22,19,49
"JORDANMATTHEWS","Jordan Matthews","PHI","WR",23,16,13,0,0,0,0,0,0,0,,0,126,85,997,11.73,8,146,21,20,50
"DREWBREES","Drew Brees","NOR","QB",36,15,15,428,627,4870,32,11,24,14,0.58,1,0,0,0,,0,306,21,6,51
"AARONRODGERS","Aaron Rodgers*","GNB","QB",32,16,16,347,572,3821,31,8,58,344,5.93,1,0,0,0,,0,305,20,7,52
"JOHNBROWN","John Brown","ARI","WR",25,15,11,0,0,0,0,0,3,22,7.33,0,101,65,1003,15.43,7,143,18,21,53
"TYHILTON","T.Y. Hilton*","IND","WR",26,16,15,0,0,0,0,0,0,0,,0,134,69,1124,16.29,5,142,18,22,54
"DEMARCOMURRAY","DeMarco Murray","PHI","RB",27,15,8,0,0,0,0,0,193,702,3.64,6,55,44,322,7.32,1,140,17,18,55
"JAMESJONES","James Jones","GNB","WR",31,16,15,0,0,0,0,0,0,0,,0,99,50,890,17.8,8,141,17,23,56
"AMARICOOPER","Amari Cooper*","OAK","WR",21,16,15,0,0,0,0,0,3,-3,-1,0,130,72,1070,14.86,6,141,16,24,57
"TAVONAUSTIN","Tavon Austin","STL","WR",24,16,14,0,0,0,0,0,52,434,8.35,4,87,52,473,9.1,5,141,16,25,58
"TEDGINN","Ted Ginn","CAR","WR",30,15,13,0,0,0,0,0,4,60,15,0,97,44,739,16.8,10,140,16,26,59
"RICHARDRODGERS","Richard Rodgers","GNB","TE",23,16,12,0,0,0,0,0,1,11,11,0,85,58,510,8.79,8,102,15,9,60
"RONNIEHILLMAN","Ronnie Hillman","DEN","RB",24,16,11,0,0,0,0,0,207,863,4.17,7,35,24,111,4.63,0,137,14,19,61
"RASHADJENNINGS","Rashad Jennings","NYG","RB",30,16,16,0,0,0,0,0,195,863,4.43,3,40,29,296,10.21,1,136,13,20,62
"MIKEEVANS","Mike Evans","TAM","WR",22,15,14,0,0,0,0,0,0,0,,0,148,74,1206,16.3,3,137,12,27,63
"KIRKCOUSINS","Kirk Cousins","WAS","QB",27,16,16,379,543,4166,29,11,26,48,1.85,5,0,0,0,,0,295,10,8,64
"GIOVANIBERNARD","Giovani Bernard","CIN","RB",24,16,1,0,0,0,0,0,154,730,4.74,2,66,49,472,9.63,0,132,9,21,65
"ZACHERTZ","Zach Ertz","PHI","TE",25,15,6,0,0,0,0,0,0,0,,0,112,75,853,11.37,2,95,8,10,66
"MATTHEWSTAFFORD","Matthew Stafford","DET","QB",27,16,16,398,592,4262,32,13,44,159,3.61,1,1,1,-6,-6,0,292,7,9,67
"CHARLESSIMS","Charles Sims","TAM","RB",25,16,0,0,0,0,0,0,107,529,4.94,0,70,51,561,11,4,129,6,22,68
"ANTONIOGATES","Antonio Gates","SDG","TE",35,11,4,0,0,0,0,0,0,0,,0,85,56,630,11.25,5,93,6,11,69
"JEREMYLANGFORD","Jeremy Langford","CHI","RB",24,16,2,0,0,0,0,0,148,537,3.63,6,42,22,279,12.68,1,128,4,23,70
"TRAVISBENJAMIN","Travis Benjamin","CLE","WR",26,16,15,0,0,0,0,0,4,12,3,0,125,68,966,14.21,5,128,3,28,71
"RUEBENRANDLE","Rueben Randle","NYG","WR",24,16,16,0,0,0,0,0,0,0,,0,90,57,797,13.98,8,128,3,29,72
"ELIMANNING","Eli Manning*","NYG","QB",34,16,16,387,618,4436,35,14,20,61,3.05,0,0,0,0,,0,288,2,10,73
"PHILIPRIVERS","Philip Rivers","SDG","QB",34,16,16,437,661,4792,29,13,17,28,1.65,0,0,0,0,,0,286,1,11,74
"RICHIEBROCKEL","Richie Brockel","CAR",,29,2,0,0,0,0,0,0,0,0,,0,0,0,0,,0,,,1,75
"JAMESSTARKS","James Starks","GNB","RB",29,16,4,0,0,0,0,0,148,601,4.06,2,53,43,392,9.12,3,123,,24,76
"KAMARAIKEN","Kamar Aiken","BAL","WR",26,16,14,0,0,0,0,0,0,0,,0,127,75,944,12.59,5,124,,30,77
"RYANFITZPATRICK","Ryan Fitzpatrick","NYJ","QB",33,16,16,335,562,3905,31,15,60,270,4.5,2,0,0,0,,0,285,,12,78
"NIKITAWHITLOCK","Nikita Whitlock","NYG",,24,14,5,0,0,0,0,0,0,0,,0,0,0,0,,0,,,2,
"TOBENOPURUM","Toben Opurum","NOR",,25,2,0,0,0,0,0,0,0,0,,0,0,0,0,,0,,,3,
"JASONWITTEN","Jason Witten","DAL","TE",33,16,16,0,0,0,0,0,0,0,,0,104,77,713,9.26,3,87,,12,
"JAMEISWINSTON","Jameis Winston*","TAM","QB",21,16,16,312,535,4042,22,15,53,210,3.96,6,0,0,0,,0,279,,13,
"ERICEBRON","Eric Ebron","DET","TE",22,14,8,0,0,0,0,0,0,0,,0,70,47,537,11.43,5,84,,13,
"TYRODTAYLOR","Tyrod Taylor*","BUF","QB",26,14,14,242,380,3035,20,6,104,568,5.46,4,1,1,4,4,0,275,,14,
"KYLERUDOLPH","Kyle Rudolph","MIN","TE",26,16,16,0,0,0,0,0,0,0,,0,73,49,495,10.1,5,80,,14,
"DEREKCARR","Derek Carr*","OAK","QB",24,16,16,350,573,3987,32,13,33,138,4.18,0,0,0,0,,0,273,,15,
"JULIUSTHOMAS","Julius Thomas","JAX","TE",27,12,11,0,0,0,0,0,0,0,,0,80,46,455,9.89,5,78,,15,
"ALEXSMITH","Alex Smith","KAN","QB",31,16,16,307,470,3486,20,7,84,498,5.93,2,0,0,0,,0,273,,16,
"JIMMYGRAHAM","Jimmy Graham","SEA","TE",29,11,11,0,0,0,0,0,0,0,,0,74,48,605,12.6,2,75,,16,
"RYANTANNEHILL","Ryan Tannehill","MIA","QB",27,16,16,363,586,4208,24,12,32,141,4.41,1,1,1,9,9,0,259,,17,
"ZACHMILLER","Zach Miller","CHI","TE",31,15,14,0,0,0,0,0,0,0,,0,46,34,439,12.91,5,74,,17,
"ANDYDALTON","Andy Dalton","CIN","QB",28,13,13,255,386,3250,25,7,57,142,2.49,3,0,0,0,,0,244,,18,
"JACOBTAMME","Jacob Tamme","ATL","TE",30,15,8,0,0,0,0,0,0,0,,0,81,59,657,11.14,1,72,,18,
"MATTRYAN","Matt Ryan","ATL","QB",30,16,16,407,614,4591,21,16,37,63,1.7,0,0,0,0,,0,236,,19,
"LADARIUSGREEN","Ladarius Green","SDG","TE",25,13,11,0,0,0,0,0,0,0,,0,63,37,429,11.59,4,71,,19,
"BENROETHLISBERGER","Ben Roethlisberger*","PIT","QB",33,12,11,319,469,3938,21,16,15,29,1.93,0,0,0,-3,,0,234,,20,
"CHARLESCLAY","Charles Clay","BUF","TE",26,13,13,0,0,0,0,0,0,0,,0,77,51,528,10.35,3,71,,20,
"JAYCUTLER","Jay Cutler","CHI","QB",32,15,15,311,483,3659,21,11,38,201,5.29,1,0,0,0,,0,230,,21,
"OWENDANIELS","Owen Daniels","DEN","TE",33,16,16,0,0,0,0,0,0,0,,0,77,46,517,11.24,3,70,,21,
"MARCUSMARIOTA","Marcus Mariota","TEN","QB",22,12,12,230,370,2818,19,10,34,252,7.41,2,1,1,41,41,1,210,,22,
"COBYFLEENER","Coby Fleener","IND","TE",27,16,11,0,0,0,0,0,0,0,,0,84,54,491,9.09,3,69,,22,
"TEDDYBRIDGEWATER","Teddy Bridgewater*","MIN","QB",23,16,16,292,447,3231,14,9,44,192,4.36,3,0,0,0,,0,200,,23,
"HEATHMILLER","Heath Miller","PIT","TE",33,15,15,0,0,0,0,0,1,2,2,0,81,60,535,8.92,2,68,,23,
"SAMBRADFORD","Sam Bradford","PHI","QB",28,14,14,346,532,3725,19,14,26,39,1.5,0,0,0,0,,0,195,,24,
"CROCKETTGILLMORE","Crockett Gillmore","BAL","TE",24,10,10,0,0,0,0,0,0,0,,0,47,33,412,12.48,4,65,,24,
"BRIANHOYER","Brian Hoyer","HOU","QB",30,11,9,224,369,2606,19,7,15,44,2.93,0,0,0,0,,0,169,,25,
"THOMASRAWLS","Thomas Rawls","SEA","RB",22,13,7,0,0,0,0,0,147,830,5.65,4,11,9,76,8.44,1,121,,25,
"WILLTYE","Will Tye","NYG","TE",24,13,7,0,0,0,0,0,0,0,,0,62,42,464,11.05,3,62,,25,
"JOEFLACCO","Joe Flacco","BAL","QB",30,10,10,266,413,2791,14,12,13,23,1.77,3,0,0,0,,0,166,,26,
"EDDIELACY","Eddie Lacy","GNB","RB",25,15,12,0,0,0,0,0,187,758,4.05,3,28,20,188,9.4,2,121,,26,
"MARTELLUSBENNETT","Martellus Bennett","CHI","TE",28,11,11,0,0,0,0,0,0,0,,0,80,53,439,8.28,3,62,,26,
"JOSHMCCOWN","Josh McCown","CLE","QB",36,8,8,186,292,2109,12,4,20,98,4.9,1,0,0,0,,0,136,,27,
"TJYELDON","T.J. Yeldon","JAX","RB",22,12,12,0,0,0,0,0,182,740,4.07,2,46,36,279,7.75,1,120,,27,
"BRENTCELEK","Brent Celek","PHI","TE",30,16,13,0,0,0,0,0,0,0,,0,35,27,398,14.74,3,58,,27,
"ANDREWLUCK","Andrew Luck","IND","QB",26,7,7,162,293,1881,15,12,33,196,5.94,0,0,0,0,,0,133,,28,
"ISAIAHCROWELL","Isaiah Crowell","CLE","RB",22,16,9,0,0,0,0,0,185,706,3.82,4,22,19,182,9.58,1,119,,28,
"AUSTINSEFERIANJENKINS","Austin Seferian-Jenkins","TAM","TE",23,7,3,0,0,0,0,0,0,0,,0,39,21,338,16.1,4,58,,28,
"BLAINEGABBERT","Blaine Gabbert","SFO","QB",26,8,8,178,282,2031,10,7,32,185,5.78,1,0,0,0,,0,130,,29,
"LEGARRETTEBLOUNT","LeGarrette Blount","NWE","RB",29,12,6,0,0,0,0,0,165,703,4.26,6,7,6,43,7.17,1,117,,29,
"JORDANCAMERON","Jordan Cameron","MIA","TE",27,16,16,0,0,0,0,0,0,0,,0,70,35,386,11.03,3,57,,29,
"BROCKOSWEILER","Brock Osweiler","DEN","QB",25,8,7,170,275,1967,10,6,21,61,2.9,1,0,0,0,,0,119,,30,
"CJANDERSON","C.J. Anderson","DEN","RB",24,15,5,0,0,0,0,0,152,720,4.74,5,36,25,183,7.32,0,116,,30,
"CLIVEWALFORD","Clive Walford","OAK","TE",24,16,2,0,0,0,0,0,0,0,,0,50,28,329,11.75,3,53,,30,
"RANDALLCOBB","Randall Cobb","GNB","WR",25,16,15,0,0,0,0,0,13,50,3.85,0,129,79,829,10.49,6,124,,31,
"KARLOSWILLIAMS","Karlos Williams","BUF","RB",22,11,3,0,0,0,0,0,93,517,5.56,7,14,11,96,8.73,2,113,,31,
"COLINKAEPERNICK","Colin Kaepernick","SFO","QB",28,9,8,144,244,1615,6,5,45,256,5.69,1,0,0,0,,0,112,,31,
"VANCEMCDONALD","Vance McDonald","SFO","TE",25,14,11,0,0,0,0,0,0,0,,0,46,30,326,10.87,3,51,,31,
"GOLDENTATE","Golden Tate","DET","WR",27,16,16,0,0,0,0,0,6,41,6.83,0,128,90,813,9.03,6,121,,32,
"CHARCANDRICKWEST","Charcandrick West","KAN","RB",24,15,9,0,0,0,0,0,160,634,3.96,4,34,20,214,10.7,1,113,,32,
"NICKFOLES","Nick Foles","STL","QB",26,11,11,190,337,2052,7,10,17,20,1.18,1,0,0,0,,0,96,,32,
"SCOTTCHANDLER","Scott Chandler","NWE","TE",30,15,4,0,0,0,0,0,0,0,,0,42,23,259,11.26,4,50,,32,
"MICHAELFLOYD","Michael Floyd","ARI","WR",26,15,6,0,0,0,0,0,0,0,,0,89,52,849,16.33,6,121,,33,
"RYANMATHEWS","Ryan Mathews","PHI","RB",28,13,6,0,0,0,0,0,107,539,5.04,6,28,20,146,7.3,1,105,,33,
"PEYTONMANNING","Peyton Manning","DEN","QB",39,10,9,198,331,2249,9,17,6,-6,-1,0,0,0,0,,0,95,,33,
"DARRENFELLS","Darren Fells","ARI","TE",29,14,12,0,0,0,0,0,0,0,,0,28,21,311,14.81,3,49,,33,
"MARTAVISBRYANT","Martavis Bryant","PIT","WR",24,11,5,0,0,0,0,0,5,37,7.4,1,92,50,765,15.3,6,120,,34,
"DUKEJOHNSON","Duke Johnson","CLE","RB",22,16,7,0,0,0,0,0,104,379,3.64,0,74,61,534,8.75,2,103,,34,
"JOHNNYMANZIEL","Johnny Manziel","CLE","QB",23,10,6,129,223,1500,7,5,37,230,6.22,0,0,0,0,,0,95,,34,
"JAREDCOOK","Jared Cook","STL","TE",28,16,12,0,0,0,0,0,0,0,,0,75,39,481,12.33,0,48,,34,
"WILLIESNEAD","Willie Snead","NOR","WR",23,15,9,0,0,0,0,0,0,0,,0,101,69,984,14.26,3,116,,35,
"CHRISJOHNSON","Chris Johnson","ARI","RB",30,11,9,0,0,0,0,0,196,814,4.15,3,13,6,58,9.67,0,101,,35,
"MATTHASSELBECK","Matt Hasselbeck","IND","QB",40,8,8,156,256,1690,9,5,16,15,0.94,0,0,0,0,,0,91,,35,
"CAMERONBRATE","Cameron Brate","TAM","TE",24,14,4,0,0,0,0,0,0,0,,0,30,23,288,12.52,3,47,,35,
"PIERREGARCON","Pierre Garcon","WAS","WR",29,16,16,0,0,0,0,0,0,0,,0,111,72,777,10.79,6,116,,36,
"JAVORIUSALLEN","Javorius Allen","BAL","RB",24,16,6,0,0,0,0,0,137,514,3.75,1,62,45,353,7.84,2,101,,36,
"RYANMALLETT","Ryan Mallett","2TM","QB",27,8,6,136,244,1336,5,6,5,15,3,1,0,0,0,,0,71,,36,
"ANTHONYFASANO","Anthony Fasano","TEN","TE",31,16,11,0,0,0,0,0,0,0,,0,42,26,289,11.12,2,43,,36,
"JULIANEDELMAN","Julian Edelman","NWE","WR",29,9,9,0,0,0,0,0,3,23,7.67,0,88,61,692,11.34,7,112,,37,
"SHANEVEREEN","Shane Vereen","NYG","RB",26,16,0,0,0,0,0,0,61,260,4.26,0,81,59,495,8.39,4,100,,37,
"MATTCASSEL","Matt Cassel","2TM","QB",33,10,8,119,205,1276,5,7,15,78,5.2,0,0,0,0,,0,67,,37,
"VERNONDAVIS","Vernon Davis","2TM","TE",31,15,9,0,0,0,0,0,0,0,,0,58,38,395,10.39,0,40,,37,
"DONTEMONCRIEF","Donte Moncrief","IND","WR",22,16,10,0,0,0,0,0,0,0,,0,105,64,733,11.45,6,109,,38,
"THEORIDDICK","Theo Riddick","DET","RB",24,16,1,0,0,0,0,0,43,133,3.09,0,99,80,697,8.71,3,99,,38,
"BRANDONWEEDEN","Brandon Weeden","2TM","QB",32,6,4,97,140,1044,5,2,16,47,2.94,1,0,0,0,,0,66,,38,
"RYANGRIFFIN","Ryan Griffin","HOU","TE",25,9,4,0,0,0,0,0,0,0,,0,34,20,251,12.55,2,37,,38,
"MARVINJONES","Marvin Jones","CIN","WR",25,16,13,0,0,0,0,0,5,33,6.6,0,103,65,816,12.55,4,109,,39,
"ALFREDBLUE","Alfred Blue","HOU","RB",24,15,9,0,0,0,0,0,183,698,3.81,2,16,15,109,7.27,1,97,,39,
"AJMCCARRON","A.J. McCarron","CIN","QB",25,7,3,79,119,854,6,2,14,31,2.21,0,0,0,0,,0,55,,39,
"GARRETTCELEK","Garrett Celek","SFO","TE",27,11,8,0,0,0,0,0,0,0,,0,28,19,186,9.79,3,37,,39,
"MARKUSWHEATON","Markus Wheaton","PIT","WR",24,16,8,0,0,0,0,0,0,0,,0,79,44,749,17.02,5,109,,40,
"MATTJONES","Matt Jones","WAS","RB",22,13,0,0,0,0,0,0,144,490,3.4,3,25,19,304,16,1,95,,40,
"ZACHMETTENBERGER","Zach Mettenberger","TEN","QB",24,7,4,101,166,935,4,7,9,8,0.89,1,0,0,0,,0,44,,40,
"LANCEKENDRICKS","Lance Kendricks","STL","TE",27,15,12,0,0,0,0,0,0,0,,0,36,25,245,9.8,2,37,,40,
"ALSHONJEFFERY","Alshon Jeffery","CHI","WR",25,9,8,0,0,0,0,0,0,0,,0,94,54,807,14.94,4,105,,41,
"DARRENSPROLES","Darren Sproles*","PHI","RB",32,16,4,0,0,0,0,0,83,317,3.82,3,83,55,388,7.05,1,95,,41,
"CASEKEENUM","Case Keenum","STL","QB",27,6,5,76,125,828,4,1,12,5,0.42,0,0,0,0,,0,44,,41,
"LARRYDONNELL","Larry Donnell","NYG","TE",27,8,8,0,0,0,0,0,0,0,,0,41,29,223,7.69,2,34,,41,
"ANQUANBOLDIN","Anquan Boldin","SFO","WR",35,14,13,0,0,0,0,0,0,0,,0,111,69,789,11.43,4,103,,42,
"JUSTINFORSETT","Justin Forsett","BAL","RB",30,10,10,0,0,0,0,0,151,641,4.25,2,41,31,153,4.94,0,93,,42,
"TONYROMO","Tony Romo","DAL","QB",35,4,4,83,121,884,5,7,4,13,3.25,0,0,0,0,,0,41,,42,
"MYCHALRIVERA","Mychal Rivera","OAK","TE",25,16,0,0,0,0,0,0,0,0,,0,46,32,280,8.75,1,34,,42,
"TYLERLOCKETT","Tyler Lockett*+","SEA","WR",23,16,8,0,0,0,0,0,5,20,4,0,69,51,664,13.02,6,102,,43,
"AMEERABDULLAH","Ameer Abdullah","DET","RB",22,16,9,0,0,0,0,0,143,597,4.17,2,38,25,183,7.32,1,92,,43,
"EJMANUEL","EJ Manuel","BUF","QB",25,7,2,52,84,561,3,3,17,64,3.76,1,0,0,0,,0,39,,43,
"MAXXWILLIAMS","Maxx Williams","BAL","TE",21,14,7,0,0,0,0,0,0,0,,0,48,32,268,8.38,1,33,,43,
"TERRANCEWILLIAMS","Terrance Williams","DAL","WR",26,16,13,0,0,0,0,0,0,0,,0,93,52,840,16.15,3,102,,44,
"ANTONIOANDREWS","Antonio Andrews","TEN","RB",24,14,10,1,1,41,1,0,143,520,3.64,3,29,21,174,8.29,0,91,,44,
"JIMMYCLAUSEN","Jimmy Clausen","2TM","QB",28,5,3,72,125,739,2,4,11,36,3.27,0,0,0,0,,0,33,,44,
"JERMAINEGRESHAM","Jermaine Gresham","ARI","TE",27,15,12,0,0,0,0,0,0,0,,0,32,18,223,12.39,1,28,,44,
"JERMAINEKEARSE","Jermaine Kearse","SEA","WR",25,16,16,0,0,0,0,0,0,0,,0,68,49,685,13.98,5,101,,45,
"BILALPOWELL","Bilal Powell","NYJ","RB",27,11,2,0,0,0,0,0,70,313,4.47,1,63,47,388,8.26,2,88,,45,
"KELLENMOORE","Kellen Moore","DAL","QB",26,3,2,61,104,779,4,6,2,-1,-0.5,0,0,0,0,,0,33,,45,
"LUKEWILLSON","Luke Willson","SEA","TE",25,14,7,0,0,0,0,0,0,0,,0,26,17,213,12.53,1,27,,45,
"STEFONDIGGS","Stefon Diggs","MIN","WR",22,13,9,0,0,0,0,0,3,13,4.33,0,84,52,720,13.85,4,97,,46,
"LEVEONBELL","Le'Veon Bell","PIT","RB",23,6,6,0,0,0,0,0,113,556,4.92,3,26,24,136,5.67,0,87,,46,
"MARKSANCHEZ","Mark Sanchez","PHI","QB",29,4,2,59,91,616,4,4,6,22,3.67,0,0,0,0,,0,33,,46,
"CRAIGSTEVENS","Craig Stevens","TEN","TE",31,16,11,0,0,0,0,0,0,0,,0,16,12,121,10.08,2,24,,46,
"KEENANALLEN","Keenan Allen","SDG","WR",23,8,8,0,0,0,0,0,0,0,,0,89,67,725,10.82,4,97,,47,
"ALFREDMORRIS","Alfred Morris","WAS","RB",27,16,16,0,0,0,0,0,202,751,3.72,1,13,10,55,5.5,0,87,,47,
"MICHAELVICK","Michael Vick","PIT","QB",35,5,3,40,66,371,2,1,20,99,4.95,0,0,0,0,,0,31,,47,
"EDDICKSON","Ed Dickson","CAR","TE",28,16,11,0,0,0,0,0,0,0,,0,26,17,121,7.12,2,24,,47,
"TORREYSMITH","Torrey Smith","SFO","WR",26,16,12,0,0,0,0,0,0,0,,0,62,33,663,20.09,4,92,,48,
"JOIQUEBELL","Joique Bell","DET","RB",29,13,5,0,0,0,0,0,90,311,3.46,4,27,22,286,13,0,86,,48,
"MATTSCHAUB","Matt Schaub","BAL","QB",34,2,2,52,80,540,3,4,4,10,2.5,0,0,0,0,,0,29,,48,
"JOSHHILL","Josh Hill","NOR","TE",25,16,7,0,0,0,0,0,0,0,,0,30,16,120,7.5,2,24,,48,
"RISHARDMATTHEWS","Rishard Matthews","MIA","WR",26,11,11,0,0,0,0,0,1,4,4,0,61,43,662,15.4,4,91,,49,
"DIONLEWIS","Dion Lewis","NWE","RB",25,7,6,0,0,0,0,0,49,234,4.78,2,50,36,388,10.78,2,84,,49,
"MICHAELHOOMANAWANUI","Michael Hoomanawanui","2TM","TE",27,14,8,0,0,0,0,0,1,0,0,0,16,11,76,6.91,3,24,,49,
"LANDRYJONES","Landry Jones","PIT","QB",26,7,2,32,55,513,3,4,5,-5,-1,0,0,0,0,,0,24,,49,
"NATEWASHINGTON","Nate Washington","HOU","WR",32,14,14,0,0,0,0,0,0,0,,0,94,47,658,14,4,90,,50,
"JAMESWHITE","James White","NWE","RB",23,14,1,0,0,0,0,0,22,56,2.55,2,54,40,410,10.25,4,83,,50,
"VIRGILGREEN","Virgil Green","DEN","TE",27,16,5,0,0,0,0,0,0,0,,0,15,12,173,14.42,1,23,,50,
"TJYATES","T.J. Yates","HOU","QB",28,4,2,28,57,370,3,1,6,0,0,0,0,0,0,,0,23,,50,
"KENNYBRITT","Kenny Britt","STL","WR",27,16,13,0,0,0,0,0,0,0,,0,72,36,681,18.92,3,86,,51,
"JAMAALCHARLES","Jamaal Charles","KAN","RB",29,5,5,0,0,0,0,0,71,364,5.13,4,29,21,177,8.43,1,80,,51,
"CLAYHARBOR","Clay Harbor","JAX","TE",28,15,2,0,0,0,0,0,0,0,,0,20,14,149,10.64,1,23,,51,
"GENOSMITH","Geno Smith","NYJ","QB",25,1,0,27,42,265,2,1,2,34,17,0,0,0,0,,0,20,,51,
"STEVESMITH","Steve Smith","BAL","WR",36,7,7,0,0,0,0,0,0,0,,0,73,46,670,14.57,3,85,,52,
"SPENCERWARE","Spencer Ware","KAN","RB",24,11,2,0,0,0,0,0,72,403,5.6,6,6,6,5,0.83,0,77,,52,
"MARCEDESLEWIS","Marcedes Lewis","JAX","TE",31,16,16,0,0,0,0,0,0,0,,0,37,16,226,14.13,0,23,,52,
"AUSTINDAVIS","Austin Davis","CLE","QB",26,3,2,56,94,547,1,3,7,33,4.71,0,0,0,0,,0,19,,52,
"DANNYAMENDOLA","Danny Amendola","NWE","WR",30,14,7,1,1,36,0,0,2,11,5.5,0,87,65,648,9.97,3,83,,53,
"MELVINGORDON","Melvin Gordon","SDG","RB",22,14,13,0,0,0,0,0,184,641,3.48,0,37,33,192,5.82,0,75,,53,
"CJFIEDOROWICZ","C.J. Fiedorowicz","HOU","TE",24,16,14,0,0,0,0,0,0,0,,0,24,17,167,9.82,1,21,,53,
"LUKEMCCOWN","Luke McCown","NOR","QB",34,8,1,32,39,335,0,1,0,0,,0,0,0,0,,0,13,,53,
"DORIALGREENBECKHAM","Dorial Green-Beckham","TEN","WR",22,16,5,0,0,0,0,0,0,0,,0,67,32,549,17.16,4,81,,54,
"TIMHIGHTOWER","Tim Hightower","NOR","RB",29,8,3,0,0,0,0,0,96,375,3.91,4,13,12,129,10.75,0,74,,54,
"DEREKCARRIER","Derek Carrier","WAS","TE",25,12,11,0,0,0,0,0,0,0,,0,22,17,141,8.29,1,20,,54,
"MATTMCGLOIN","Matt McGloin","OAK","QB",26,2,0,23,32,142,2,1,0,0,,0,0,0,0,,0,12,,54,
"SETHROBERTS","Seth Roberts","OAK","WR",24,16,5,0,0,0,0,0,0,0,,0,55,32,480,15,5,80,,55,
"CARLOSHYDE","Carlos Hyde","SFO","RB",24,7,7,0,0,0,0,0,115,470,4.09,3,15,11,53,4.82,0,70,,55,
"TIMWRIGHT","Tim Wright","DET","TE",25,9,1,0,0,0,0,0,0,0,,0,16,9,77,8.56,2,20,,55,
"JOSHFREEMAN","Josh Freeman","IND","QB",27,1,1,15,28,149,1,1,8,24,3,0,0,0,0,,0,10,,55,
"COLEBEASLEY","Cole Beasley","DAL","WR",26,16,3,0,0,0,0,0,0,0,,0,75,52,536,10.31,5,80,,56,
"MARSHAWNLYNCH","Marshawn Lynch","SEA","RB",29,7,6,0,0,0,0,0,111,417,3.76,3,21,13,80,6.15,0,70,,56,
"TYLERKROFT","Tyler Kroft","CIN","TE",23,16,6,0,0,0,0,0,0,0,,0,15,11,129,11.73,1,19,,56,
"DANORLOVSKY","Dan Orlovsky","DET","QB",32,3,0,22,40,201,1,1,0,0,,0,0,0,0,,0,10,,56,
"MARQUESCOLSTON","Marques Colston","NOR","WR",32,13,5,0,0,0,0,0,0,0,,0,67,45,520,11.56,4,78,,57,
"MIKETOLBERT","Mike Tolbert*+","CAR","RB",30,16,3,0,0,0,0,0,62,256,4.13,1,23,18,154,8.56,3,67,,57,
"BLAKEBELL","Blake Bell","SFO","TE",24,14,5,0,0,0,0,0,0,0,,0,25,15,186,12.4,0,19,,57,
"COLTMCCOY","Colt McCoy","WAS","QB",29,1,0,7,11,128,1,0,3,-3,-1,0,0,0,0,,0,9,,57,
"ANDREJOHNSON","Andre Johnson","IND","WR",34,16,14,0,0,0,0,0,0,0,,0,77,41,503,12.27,4,76,,58,
"JOSEPHRANDLE","Joseph Randle","DAL","RB",24,6,6,0,0,0,0,0,76,313,4.12,4,10,10,87,8.7,0,64,,58,
"RHETTELLISON","Rhett Ellison","MIN","TE",27,15,9,0,0,0,0,0,0,0,,0,19,11,124,11.27,1,18,,58,
"ALEXTANNEY","Alex Tanney","TEN","QB",28,1,0,10,14,99,1,0,0,0,,0,0,0,0,,0,8,,58,
"DEVINFUNCHESS","Devin Funchess","CAR","WR",21,16,5,0,0,0,0,0,0,0,,0,63,31,473,15.26,5,75,,59,
"JERICKMCKINNON","Jerick McKinnon","MIN","RB",23,16,0,0,0,0,0,0,52,271,5.21,2,29,21,173,8.24,1,62,,59,
"NICKBOYLE","Nick Boyle","BAL","TE",22,11,2,0,0,0,0,0,0,0,,0,23,18,153,8.5,0,17,,59,
"RYANNASSIB","Ryan Nassib","NYG","QB",25,1,0,5,5,68,1,0,0,0,,0,0,0,0,,0,7,,59,
"DESEANJACKSON","DeSean Jackson","WAS","WR",29,10,9,0,0,0,0,0,0,0,,0,49,30,528,17.6,4,75,,60,
"JONATHANGRIMES","Jonathan Grimes","HOU","RB",26,14,0,0,1,0,0,0,56,282,5.04,1,31,26,173,6.65,1,62,,60,
"DWAYNEALLEN","Dwayne Allen","IND","TE",25,13,12,0,0,0,0,0,1,1,1,0,29,16,109,6.81,1,17,,60,
"KELLENCLEMENS","Kellen Clemens","SDG","QB",32,2,0,5,6,63,1,0,1,-1,-1,0,0,0,0,,0,6,,60,
"JAMISONCROWDER","Jamison Crowder","WAS","WR",22,16,6,0,1,0,0,0,2,2,1,0,78,59,604,10.24,2,75,,61,
"DEXTERMCCLUSTER","Dexter McCluster","TEN","RB",27,11,2,0,0,0,0,0,55,247,4.49,1,41,31,260,8.39,1,61,,61,
"DIONSIMS","Dion Sims","MIA","TE",24,13,4,0,0,0,0,0,0,0,,0,25,18,127,7.06,1,17,,61,
"RYANLINDLEY","Ryan Lindley","IND","QB",26,1,0,6,10,58,1,0,0,0,,0,0,0,0,,0,6,,61,
"VINCENTJACKSON","Vincent Jackson","TAM","WR",32,10,9,0,0,0,0,0,0,0,,0,62,33,543,16.45,3,74,,62,
"ANDREELLINGTON","Andre Ellington","ARI","RB",26,10,3,0,0,0,0,0,45,289,6.42,3,24,15,148,9.87,0,60,,62,
"JAKESTONEBURNER","Jake Stoneburner","MIA","TE",26,11,1,0,0,0,0,0,0,0,,0,5,5,47,9.4,2,17,,62,
"CHARLIEWHITEHURST","Charlie Whitehurst","2TM","QB",33,5,0,16,32,150,0,1,2,1,0.5,0,0,0,0,,0,4,,62,
"COREYBROWN","Corey Brown","CAR","WR",24,14,11,0,0,0,0,0,6,38,6.33,0,54,31,447,14.42,4,73,,63,
"CHRISTHOMPSON","Chris Thompson","WAS","RB",25,13,0,0,0,0,0,0,35,216,6.17,0,48,35,240,6.86,2,58,,63,
"JUSTINPERILLO","Justin Perillo","GNB","TE",24,9,0,0,0,0,0,0,0,0,,0,13,11,102,9.27,1,16,,63,
"TYLERMURPHY","Tyler Murphy","PIT","QB",23,2,0,0,0,0,0,0,0,0,,0,1,1,16,16,0,2,,63,
"MALCOMFLOYD","Malcom Floyd","SDG","WR",34,15,13,0,0,0,0,0,0,0,,0,68,30,561,18.7,3,72,,64,
"KYLEJUSZCZYK","Kyle Juszczyk","BAL","RB",24,16,11,0,0,0,0,0,2,3,1.5,0,56,41,321,7.83,4,56,,64,
"TROYNIKLAS","Troy Niklas","ARI","TE",23,16,3,0,0,0,0,0,0,0,,0,4,4,33,8.25,2,15,,64,
"DEREKANDERSON","Derek Anderson","CAR","QB",32,3,0,4,6,36,0,0,7,-2,-0.29,0,0,0,0,,0,1,,64,
"ROBERTWOODS","Robert Woods","BUF","WR",23,14,9,0,0,0,0,0,1,0,0,0,80,47,552,11.74,3,71,,65,
"CHRISPOLK","Chris Polk","HOU","RB",26,15,2,0,0,0,0,0,99,334,3.37,1,28,16,109,6.81,1,56,,65,
"CHRISGRAGG","Chris Gragg","BUF","TE",25,13,4,0,0,0,0,0,0,0,,0,20,12,150,12.5,0,15,,65,
"SEANMANNION","Sean Mannion","STL","QB",23,1,0,6,7,31,0,0,0,0,,0,0,0,0,,0,1,,65,
"DEVANTEPARKER","DeVante Parker","MIA","WR",22,15,4,0,0,0,0,0,0,0,,0,50,26,494,19,3,69,,66,
"ARIANFOSTER","Arian Foster","HOU","RB",29,4,4,0,0,0,0,0,63,163,2.59,1,28,22,227,10.32,2,55,,66,
"JESSEJAMES","Jesse James","PIT","TE",21,8,2,0,0,0,0,0,0,0,,0,11,8,56,7,1,14,,66,
"TARVARISJACKSON","Tarvaris Jackson","SEA","QB",32,4,0,4,6,37,0,0,8,-8,-1,0,0,0,0,,0,1,,66,
"JERRICHOCOTCHERY","Jerricho Cotchery","CAR","WR",33,14,3,0,0,0,0,0,1,16,16,0,54,39,485,12.44,3,68,,67,
"KHIRYROBINSON","Khiry Robinson","NOR","RB",26,8,0,0,0,0,0,0,56,180,3.21,4,20,17,115,6.76,0,54,,67,
"DEMETRIUSHARRIS","Demetrius Harris","KAN","TE",24,16,9,0,0,0,0,0,0,0,,0,11,7,74,10.57,1,13,,67,
"MATTMOORE","Matt Moore","MIA","QB",31,1,0,1,1,14,0,0,3,-2,-0.67,0,0,0,0,,0,,,67,
"CECILSHORTS","Cecil Shorts","HOU","WR",28,11,4,1,1,21,1,0,10,47,4.7,0,75,42,484,11.52,2,68,,68,
"SHAUNDRAUGHN","Shaun Draughn","2TM","RB",28,11,6,0,0,0,0,0,78,273,3.5,1,35,27,176,6.52,0,51,,68,
"JACKDOYLE","Jack Doyle","IND","TE",25,16,2,0,0,0,0,0,0,0,,0,14,12,72,6,1,13,,68,
"SHAUNHILL","Shaun Hill","MIN","QB",35,3,0,2,7,15,0,0,4,-5,-1.25,0,0,0,0,,0,,,68,
"STEVEJOHNSON","Steve Johnson","SDG","WR",29,10,8,0,0,0,0,0,0,0,,0,65,45,497,11.04,3,68,,69,
"BRANDONBOLDEN","Brandon Bolden","NWE","RB",25,15,2,0,0,0,0,0,63,207,3.29,0,30,19,180,9.47,2,51,,69,
"CHASECOFFMAN","Chase Coffman","2TM","TE",29,2,0,0,0,0,0,0,0,0,,0,11,8,71,8.88,1,13,,69,
"SEANRENFREE","Sean Renfree","ATL","QB",25,2,0,3,7,11,0,1,1,-4,-4,0,0,0,0,,0,,,69,
"DWAYNEHARRIS","Dwayne Harris","NYG","WR",28,15,6,0,0,0,0,0,2,12,6,0,57,36,396,11,4,65,,70,
"MARCELREECE","Marcel Reece","OAK","RB",30,15,7,0,0,0,0,0,10,36,3.6,0,37,30,269,8.97,3,49,,70,
"COOPERHELFET","Cooper Helfet","SEA","TE",26,13,2,0,0,0,0,0,0,0,,0,22,13,130,10,0,13,,70,
"CHASEDANIEL","Chase Daniel","KAN","QB",29,2,0,2,2,4,0,0,2,-2,-1,0,0,0,0,,0,,,70,
"DONTRELLEINMAN","Dontrelle Inman","SDG","WR",26,14,7,0,0,0,0,0,0,0,,0,63,35,486,13.89,3,65,,71,
"CJSPILLER","C.J. Spiller","NOR","RB",28,13,2,0,0,0,0,0,36,112,3.11,0,44,34,239,7.03,2,47,,71,
"LEESMITH","Lee Smith","OAK","TE",28,15,15,0,0,0,0,0,0,0,,0,13,12,70,5.83,1,13,,71,
"TREVORSIEMIAN","Trevor Siemian","DEN","QB",23,1,0,0,0,0,0,0,1,-1,-1,0,0,0,0,,0,,,71,
"BRIANHARTLINE","Brian Hartline","CLE","WR",29,12,4,0,0,0,0,0,0,0,,0,77,46,523,11.37,2,64,,72,
"DENARDROBINSON","Denard Robinson","JAX","RB",25,13,3,0,0,0,0,0,67,266,3.97,1,30,21,164,7.81,0,47,,72,
"JOHNPHILLIPS","John Phillips","SDG","TE",28,16,5,0,0,0,0,0,0,0,,0,11,10,69,6.9,1,13,,72,
"JOEWEBB","Joe Webb","CAR","QB",29,16,0,0,0,0,0,0,1,-1,-1,0,0,0,0,,0,,,72,
"KENNYSTILLS","Kenny Stills","MIA","WR",23,16,8,0,0,0,0,0,0,0,,0,63,27,440,16.3,3,62,,73,
"FREDJACKSON","Fred Jackson","SEA","RB",34,16,0,0,0,0,0,0,26,100,3.85,0,41,32,257,8.03,2,46,,73,
"BRANDONMYERS","Brandon Myers","TAM","TE",30,11,6,0,0,0,0,0,0,0,,0,17,12,127,10.58,0,13,,73,
"SCOTTTOLZIEN","Scott Tolzien","GNB","QB",28,3,0,1,1,4,0,0,3,-3,-1,0,0,0,0,,0,,,73,
"KENDALLWRIGHT","Kendall Wright","TEN","WR",26,10,9,0,0,0,0,0,5,17,3.4,0,60,36,408,11.33,3,61,,74,
"MIKEGILLISLEE","Mike Gillislee","BUF","RB",25,5,1,0,0,0,0,0,47,267,5.68,3,7,6,29,4.83,0,46,,74,
"BRANDONPETTIGREW","Brandon Pettigrew","DET","TE",30,8,8,0,0,0,0,0,0,0,,0,15,7,67,9.57,1,13,,74,
"JIMMYGAROPPOLO","Jimmy Garoppolo","NWE","QB",24,5,0,1,4,6,0,0,5,-5,-1,0,0,0,0,,0,,,74,
"MIKEWALLACE","Mike Wallace","MIN","WR",29,16,12,0,0,0,0,0,1,6,6,0,72,39,473,12.13,2,60,,75,
"BISHOPSANKEY","Bishop Sankey","TEN","RB",23,13,3,0,0,0,0,0,47,193,4.11,1,22,14,139,9.93,1,43,,75,
"LUKESTOCKER","Luke Stocker","TAM","TE",27,14,13,0,0,0,0,0,0,0,,0,13,9,61,6.78,1,12,,75,
"DREWSTANTON","Drew Stanton","ARI","QB",31,7,0,11,25,104,0,2,13,-13,-1,0,0,0,0,,0,-1,,75,
"ALBERTWILSON","Albert Wilson","KAN","WR",23,14,12,0,0,0,0,0,5,26,5.2,0,57,35,451,12.89,2,60,,76,
"TEVINCOLEMAN","Tevin Coleman","ATL","RB",22,12,3,0,0,0,0,0,87,392,4.51,1,11,2,14,7,0,41,,76,
"TONYMOEAKI","Tony Moeaki","ATL","TE",28,10,0,0,0,0,0,0,0,0,,0,5,3,58,19.33,1,12,,76,
"MOHAMEDSANU","Mohamed Sanu","CIN","WR",26,16,4,0,0,0,0,0,10,71,7.1,2,49,33,394,11.94,0,59,,77,
"BENNYCUNNINGHAM","Benny Cunningham","STL","RB",25,16,1,0,0,0,0,0,37,140,3.78,0,36,26,250,9.62,0,39,,77,
"GAVINESCOBAR","Gavin Escobar","DAL","TE",24,14,4,0,0,0,0,0,0,0,,0,13,8,64,8,1,10,,77,
"DAVANTEADAMS","Davante Adams","GNB","WR",23,13,12,0,0,0,0,0,0,0,,0,94,50,483,9.66,1,58,,78,
"DONALDBROWN","Donald Brown","SDG","RB",28,9,2,0,0,0,0,0,59,229,3.88,1,13,8,88,11,0,38,,78,
"GARRETTGRAHAM","Garrett Graham","HOU","TE",29,8,2,0,0,0,0,0,0,0,,0,19,4,30,7.5,1,9,,78,
"DEZBRYANT","Dez Bryant","DAL","WR",27,9,9,0,0,0,0,0,0,0,,0,72,31,401,12.94,3,58,,79,
"JAYAJAYI","Jay Ajayi","MIA","RB",22,9,0,0,0,0,0,0,49,187,3.82,1,11,7,90,12.86,0,36,,79,
"MYCOLEPRUITT","MyCole Pruitt","MIN","TE",23,16,3,0,0,0,0,0,0,0,,0,16,10,89,8.9,0,9,,79,
"CHRISHOGAN","Chris Hogan","BUF","WR",27,16,4,1,1,4,0,0,1,4,4,0,59,36,450,12.5,2,58,,80,
"ANDREWILLIAMS","Andre Williams","NYG","RB",23,16,0,0,0,0,0,0,88,257,2.92,1,3,1,7,7,0,34,,80,
"JAMESOSHAUGHNESSY","James O'Shaughnessy","KAN","TE",23,7,3,0,0,0,0,0,0,0,,0,9,6,87,14.5,0,9,,80,
"BRANDONCOLEMAN","Brandon Coleman","NOR","WR",23,16,3,0,0,0,0,0,0,0,,0,49,30,454,15.13,2,57,,81,
"KADEEMCAREY","Ka'Deem Carey","CHI","RB",23,10,1,0,0,0,0,0,43,159,3.7,2,3,3,19,6.33,1,34,,81,
"JAMESHANNA","James Hanna","DAL","TE",26,14,7,0,0,0,0,0,0,0,,0,14,9,79,8.78,0,8,,81,
"RODDYWHITE","Roddy White","ATL","WR",34,16,16,0,0,0,0,0,0,0,,0,70,43,506,11.77,1,57,,82,
"TREMASON","Tre Mason","STL","RB",22,13,3,0,0,0,0,0,75,207,2.76,1,25,18,88,4.89,0,34,,82,
"KELLENDAVIS","Kellen Davis","NYJ","TE",30,16,9,0,0,0,0,0,0,0,,0,11,3,18,6,1,8,,82,
"LANCEMOORE","Lance Moore","DET","WR",32,14,8,0,0,0,0,0,0,0,,0,43,29,337,11.62,4,56,,83,
"AHMADBRADSHAW","Ahmad Bradshaw","IND","RB",29,6,0,0,0,0,0,0,31,85,2.74,0,14,10,64,6.4,3,33,,83,
"JEFFCUMBERLAND","Jeff Cumberland","NYJ","TE",28,15,6,0,0,0,0,0,0,0,,0,14,5,77,15.4,0,8,,83,
"MARQUESSWILSON","Marquess Wilson","CHI","WR",23,11,6,0,0,0,0,0,0,0,,0,51,28,464,16.57,1,52,,84,
"CAMERONARTISPAYNE","Cameron Artis-Payne","CAR","RB",25,7,0,0,0,0,0,0,45,183,4.07,1,5,5,58,11.6,0,30,,84,
"LEVINETOILOLO","Levine Toilolo","ATL","TE",24,16,15,0,0,0,0,0,0,0,,0,12,7,44,6.29,0,6,,84,
"BRANDONLAFELL","Brandon LaFell","NWE","WR",29,11,7,0,0,0,0,0,2,9,4.5,0,74,37,515,13.92,0,52,,85,
"ZACHLINE","Zach Line","MIN","RB",25,16,5,0,0,0,0,0,6,10,1.67,2,9,6,95,15.83,1,29,,85,
"JIMDRAY","Jim Dray","CLE","TE",29,16,10,0,0,0,0,0,0,0,,0,16,6,61,10.17,0,6,,85,
"LEONARDHANKERSON","Leonard Hankerson","3TM","WR",26,10,0,0,0,0,0,0,0,0,,0,46,26,327,12.58,3,51,,86,
"TRAVARISCADET","Travaris Cadet","3TM","RB",26,7,1,0,1,0,0,0,11,28,2.55,0,22,17,214,12.59,1,28,,86,
"DANIELFELLS","Daniel Fells","NYG","TE",32,2,1,0,0,0,0,0,0,0,,0,7,6,60,10,0,6,,86,
"HARRYDOUGLAS","Harry Douglas","TEN","WR",31,14,12,0,0,0,0,0,1,-6,-6,0,72,36,411,11.42,2,51,,87,
"ROBERTTURBIN","Robert Turbin","2TM","RB",26,10,0,0,0,0,0,0,50,199,3.98,1,10,7,23,3.29,0,28,,87,
"JEROMECUNNINGHAM","Jerome Cunningham","NYG","TE",24,9,3,0,0,0,0,0,0,0,,0,16,8,59,7.38,0,6,,87,
"JOSHHUFF","Josh Huff","PHI","WR",24,15,4,0,0,0,0,0,0,0,,0,42,27,312,11.56,3,49,,88,
"LANCEDUNBAR","Lance Dunbar","DAL","RB",25,4,0,0,0,0,0,0,5,67,13.4,0,23,21,215,10.24,0,28,,88,
"TREYBURTON","Trey Burton","PHI","TE",24,16,0,0,0,0,0,0,0,0,,0,4,3,54,18,0,5,,88,
"QUINTONPATTON","Quinton Patton","SFO","WR",25,16,4,0,0,0,0,0,1,5,5,0,57,30,394,13.13,1,46,,89,
"DUJUANHARRIS","DuJuan Harris","2TM","RB",27,4,1,0,0,0,0,0,48,189,3.94,0,14,9,97,10.78,0,27,,89,
"NICKOLEARY","Nick O'Leary","BUF","TE",23,4,0,0,0,0,0,0,0,0,,0,3,1,37,37,0,4,,89,
"DARRIUSHEYWARDBEY","Darrius Heyward-Bey","PIT","WR",28,16,4,0,0,0,0,0,0,0,,0,39,21,314,14.95,2,45,,90,
"CHRISTINEMICHAEL","Christine Michael","2TM","RB",25,8,2,0,0,0,0,0,54,243,4.5,0,6,3,16,5.33,0,26,,90,
"ROBHOUSLER","Rob Housler","2TM","TE",27,10,0,0,0,0,0,0,0,0,,0,7,4,33,8.25,0,3,,90,
"JARIUSWRIGHT","Jarius Wright","MIN","WR",26,16,3,0,0,0,0,0,1,29,29,0,50,34,442,13,0,45,,91,
"JAMIZEOLAWALE","Jamize Olawale","OAK","RB",26,14,3,0,0,0,0,0,24,110,4.58,1,11,9,84,9.33,0,25,,91,
"ANDREWQUARLESS","Andrew Quarless","GNB","TE",27,5,1,0,0,0,0,0,0,0,,0,5,4,31,7.75,0,3,,91,
"RILEYCOOPER","Riley Cooper","PHI","WR",28,16,13,0,0,0,0,0,0,0,,0,41,21,327,15.57,2,45,,92,
"JONASGRAY","Jonas Gray","2TM","RB",25,8,0,0,0,0,0,0,45,176,3.91,0,8,7,76,10.86,0,25,,92,
"CORYHARKEY","Cory Harkey","STL","TE",25,16,6,0,0,0,0,0,0,0,,0,6,5,26,5.2,0,3,,92,
"ANDREHOLMES","Andre Holmes","OAK","WR",27,16,1,0,0,0,0,0,0,0,,0,33,14,201,14.36,4,44,,93,
"ORLEANSDARKWA","Orleans Darkwa","NYG","RB",23,16,0,0,0,0,0,0,36,153,4.25,1,5,3,31,10.33,0,24,,93,
"MICHAELWILLIAMS","Michael Williams","NWE","TE",25,15,9,0,0,0,0,0,0,0,,0,6,3,26,8.67,0,3,,93,
"CHRISGIVENS","Chris Givens","2TM","WR",26,15,6,0,0,0,0,0,4,18,4.5,0,54,20,353,17.65,1,43,,94,
"MATTASIATA","Matt Asiata","MIN","RB",28,16,0,0,0,0,0,0,29,112,3.86,0,22,19,132,6.95,0,24,,94,
"MATTLACOSSE","Matt LaCosse","NYG","TE",23,2,0,0,0,0,0,0,0,0,,0,3,3,22,7.33,0,2,,94,
"BRYANWALTERS","Bryan Walters","JAX","WR",28,11,1,0,1,0,0,0,0,0,,0,45,32,368,11.5,1,43,,95,
"DAMIENWILLIAMS","Damien Williams","MIA","RB",23,16,0,0,0,0,0,0,16,59,3.69,0,28,21,142,6.76,1,24,,95,
"PHILLIPSUPERNAW","Phillip Supernaw","TEN","TE",25,16,1,0,0,0,0,0,0,0,,0,4,3,32,10.67,0,1,,95,
"JJNELSON","JJ Nelson","ARI","WR",23,11,2,0,0,0,0,0,1,0,0,0,27,11,299,27.18,2,42,,96,
"FOZZYWHITTAKER","Fozzy Whittaker","CAR","RB",26,15,1,0,0,0,0,0,25,108,4.32,1,15,12,64,5.33,0,23,,96,
"MATTSPAETH","Matt Spaeth","PIT","TE",32,13,7,0,0,0,0,0,0,0,,0,3,2,10,5,0,1,,96,
"RYANGRANT","Ryan Grant","WAS","WR",25,16,5,0,0,0,0,0,0,0,,0,42,23,268,11.65,2,39,,97,
"PATRICKDIMARCO","Patrick DiMarco*","ATL","RB",26,16,8,0,0,0,0,0,1,0,0,0,17,13,110,8.46,2,23,,97,
"SCOTTSIMONSON","Scott Simonson","CAR","TE",23,9,0,0,0,0,0,0,0,0,,0,1,1,10,10,0,1,,97,
"KESHAWNMARTIN","Keshawn Martin","NWE","WR",25,9,8,0,0,0,0,0,1,6,6,0,37,24,269,11.21,2,38,,98,
"TERRONWARD","Terron Ward","ATL","RB",23,13,0,0,0,0,0,0,29,95,3.28,1,13,9,73,8.11,0,23,,98,
"KHARILEE","Khari Lee","CHI","TE",23,16,7,0,0,0,0,0,0,0,,0,3,1,7,7,0,1,,98,
"JEREMYBUTLER","Jeremy Butler","BAL","WR",24,8,0,0,0,0,0,0,0,0,,0,44,31,363,11.71,0,36,,99,
"TAIWANJONES","Taiwan Jones","OAK","RB",27,12,0,0,0,0,0,0,16,74,4.63,0,9,7,106,15.14,1,22,,99,
"EJBIBBS","E.J. Bibbs","CLE","TE",24,7,0,0,0,0,0,0,0,0,,0,2,1,7,7,0,1,,99,
"PERCYHARVIN","Percy Harvin","BUF","WR",27,5,5,0,0,0,0,0,5,31,6.2,0,30,19,218,11.47,1,35,,100,
"BRANDENOLIVER","Branden Oliver","SDG","RB",24,8,1,0,0,0,0,0,31,108,3.48,0,15,13,112,8.62,0,22,,100,
"NICJACOBS","Nic Jacobs","JAX","TE",24,11,3,0,0,0,0,0,0,0,,0,3,1,6,6,0,1,,100,
"JOSHBELLAMY","Josh Bellamy","CHI","WR",26,16,3,0,0,0,0,0,0,0,,0,34,19,224,11.79,2,34,,101,
"ZACSTACY","Zac Stacy","NYJ","RB",24,8,0,0,0,0,0,0,31,89,2.87,1,12,9,65,7.22,0,21,,101,
"BRIANPARKER","Brian Parker","KAN","TE",23,9,0,0,0,0,0,0,0,0,,0,2,1,6,6,0,1,,101,
"JAELENSTRONG","Jaelen Strong","HOU","WR",21,10,1,0,0,0,0,0,0,0,,0,24,14,161,11.5,3,34,,102,
"TERRANCEWEST","Terrance West","2TM","RB",24,8,0,0,0,0,0,0,62,231,3.73,0,5,4,21,5.25,0,21,,102,
"BRIANLEONHARDT","Brian Leonhardt","SFO","TE",25,4,0,0,0,0,0,0,0,0,,0,1,1,4,4,0,,,102,
"ADAMHUMPHRIES","Adam Humphries","TAM","WR",22,13,0,0,0,0,0,0,0,0,,0,40,27,260,9.63,1,34,,103,
"BRUCEMILLER","Bruce Miller","SFO","RB",28,16,5,0,0,0,0,0,6,14,2.33,1,14,10,135,13.5,0,21,,103,
"CJUZOMAH","C.J. Uzomah","CIN","TE",22,5,0,0,0,0,0,0,0,0,,0,1,1,4,4,0,,,103,
"JUSTINHUNTER","Justin Hunter","TEN","WR",24,9,5,0,0,0,0,0,0,0,,0,31,22,264,12,1,32,,104,
"DAVIDCOBB","David Cobb","TEN","RB",22,7,1,0,0,0,0,0,52,146,2.81,1,2,1,-2,-2,0,20,,104,
"MATTHEWMULLIGAN","Matthew Mulligan","BUF","TE",30,12,5,0,0,0,0,0,0,0,,0,1,1,2,2,0,,,104,
"NELSONAGHOLOR","Nelson Agholor","PHI","WR",22,13,12,0,0,0,0,0,0,0,,0,44,23,283,12.3,1,32,,105,
"JOHNKUHN","John Kuhn*","GNB","RB",33,16,6,0,0,0,0,0,9,28,3.11,2,10,6,56,9.33,0,20,,105,
"MARQUEISGRAY","MarQueis Gray","BUF","TE",26,4,0,0,0,0,0,0,0,0,,0,1,1,2,2,0,,,105,
"QUINCYENUNWA","Quincy Enunwa","NYJ","WR",23,12,6,0,0,0,0,0,0,0,,0,46,22,315,14.32,0,32,,106,
"KERWYNNWILLIAMS","Kerwynn Williams","ARI","RB",24,6,0,0,0,0,0,0,27,142,5.26,1,2,2,16,8,0,20,,106,
"ASANTECLEVELAND","Asante Cleveland","NWE","TE",23,4,1,0,0,0,0,0,0,0,,0,1,1,1,1,0,,,106,
"MARCMARIANI","Marc Mariani","CHI","WR",28,16,5,0,0,0,0,0,0,0,,0,33,22,300,13.64,0,30,,107,
"JALSTONFOWLER","Jalston Fowler","TEN","RB",25,16,0,0,0,0,0,0,7,13,1.86,1,6,5,44,8.8,1,20,,107,
"BRANDONWILLIAMS","Brandon Williams","2TM",,28,6,0,0,0,0,0,0,0,0,,0,0,0,0,,0,,,107,
"EDDIEROYAL","Eddie Royal","CHI","WR",29,9,9,0,0,0,0,0,1,-1,-1,0,50,37,238,6.43,1,30,,108,
"ROYHELU","Roy Helu","OAK","RB",27,9,0,0,1,0,0,0,17,39,2.29,0,16,9,75,8.33,1,17,,108,
"GEOFFSWAIM","Geoff Swaim","DAL","TE",24,4,1,0,0,0,0,0,0,0,,0,1,1,0,0,0,,,108,
"MARQISELEE","Marqise Lee","JAX","WR",24,10,1,0,0,0,0,0,5,38,7.6,0,32,15,191,12.73,1,29,,109,
"KNILEDAVIS","Knile Davis","KAN","RB",24,14,0,0,0,0,0,0,28,72,2.57,1,3,2,24,12,0,16,,109,
"RICHARDGORDON","Richard Gordon","DEN",,28,1,0,0,0,0,0,0,0,0,,0,0,0,0,,0,,,109,
"MILESAUSTIN","Miles Austin","PHI","WR",31,11,1,0,0,0,0,0,0,0,,0,31,13,224,17.23,1,28,,110,
"PIERRETHOMAS","Pierre Thomas","2TM","RB",31,5,0,0,0,0,0,0,15,64,4.27,0,11,9,84,9.33,0,15,,110,
"CLARKHARRIS","Clark Harris","CIN",,31,16,0,0,0,0,0,0,0,0,,0,0,0,0,,0,,,110,
"PHILLIPDORSETT","Phillip Dorsett","IND","WR",22,11,0,0,0,0,0,0,3,17,5.67,0,39,18,225,12.5,1,28,,111,
"ANTHONYDIXON","Anthony Dixon","BUF","RB",28,16,1,0,0,0,0,0,21,44,2.1,1,7,6,44,7.33,0,15,,111,
"ANTHONYMCCOY","Anthony McCoy","2TM",,28,8,3,0,0,0,0,0,0,0,,0,0,0,0,,0,,,111,
"NICKWILLIAMS","Nick Williams","ATL","WR",25,14,0,0,0,0,0,0,0,0,,0,25,17,159,9.35,2,28,,112,
"REXBURKHEAD","Rex Burkhead","CIN","RB",25,16,0,0,0,0,0,0,4,4,1,0,15,10,94,9.4,1,14,,112,
"ALEXSMITH","Alex Smith","WAS",,33,3,1,0,0,0,0,0,0,0,,0,2,0,0,,0,,,112,
"ANDREWHAWKINS","Andrew Hawkins","CLE","WR",29,8,8,0,0,0,0,0,0,0,,0,43,27,276,10.22,0,28,,113,
"LORENZOTALIAFERRO","Lorenzo Taliaferro","BAL","RB",24,3,0,0,0,0,0,0,13,47,3.62,1,5,5,29,5.8,0,14,,113,
"JUSTICECUNNINGHAM","Justice Cunningham","STL",,24,2,0,0,0,0,0,0,0,0,,0,0,0,0,,0,,,113,
"DEANTHONYTHOMAS","De'Anthony Thomas","KAN","WR",22,10,1,0,0,0,0,0,9,34,3.78,1,25,17,140,8.24,1,27,,114,
"AKEEMHUNT","Akeem Hunt","HOU","RB",22,7,1,0,0,0,0,0,17,96,5.65,0,10,6,39,6.5,0,14,,114,
"NATESOLDER","Nate Solder","NWE",,27,4,4,0,0,0,0,0,0,0,,0,0,0,0,,0,,,114,
"JEREMYKERLEY","Jeremy Kerley","NYJ","WR",27,16,1,0,0,0,0,0,0,0,,0,26,16,152,9.5,2,27,,115,
"BRYCEBROWN","Bryce Brown","SEA","RB",24,3,0,0,0,0,0,0,25,72,2.88,1,2,0,0,,0,13,,115,
"MARCELJENSEN","Marcel Jensen","WAS",,25,1,0,0,0,0,0,0,0,0,,0,0,0,0,,0,,,115,
"TYMONTGOMERY","Ty Montgomery","GNB","WR",22,6,3,0,0,0,0,0,3,14,4.67,0,19,15,136,9.07,2,27,,116,
"STEVENJACKSON","Steven Jackson","NWE","RB",32,2,1,0,0,0,0,0,21,50,2.38,1,1,1,20,20,0,13,,116,
"MIKELEACH","Mike Leach","ARI",,39,16,0,0,0,0,0,0,0,0,,0,0,0,0,,0,,,116,
"GREGJENNINGS","Greg Jennings","MIA","WR",32,16,5,0,0,0,0,0,0,0,,0,36,19,208,10.95,1,27,,117,
"KENJONBARNER","Kenjon Barner","PHI","RB",26,11,0,0,0,0,0,0,28,124,4.43,0,12,9,22,2.44,0,13,,117,
"BEARPASCOE","Bear Pascoe","DET",,29,3,0,0,0,0,0,0,0,0,,0,0,0,0,,0,,,117,
"CHRISCONLEY","Chris Conley","KAN","WR",23,16,5,0,0,0,0,0,0,0,,0,31,17,199,11.71,1,26,,118,
"DANHERRON","Dan Herron","2TM","RB",26,10,0,0,0,0,0,0,25,79,3.16,0,10,9,47,5.22,0,13,,118,
"MICKEYSHULER","Mickey Shuler","ATL",,29,1,0,0,0,0,0,0,0,0,,0,0,0,0,,0,,,118,
"BRICEBUTLER","Brice Butler","DAL","WR",25,7,2,0,0,0,0,0,0,0,,0,26,12,258,21.5,0,26,,119,
"WILLTUKUAFU","Will Tukuafu","SEA","RB",31,14,1,0,0,0,0,0,4,1,0.25,1,1,1,7,7,1,11,,119,
"JAMESCASEY","James Casey","DEN",,31,3,0,0,0,0,0,0,0,0,,0,0,0,0,,0,,,119,
"RASHADROSS","Rashad Ross","WAS","WR",25,13,0,0,0,0,0,0,0,0,,0,13,8,184,23,1,24,,120,
"KENDALLGASKINS","Kendall Gaskins","SFO","RB",25,9,0,0,0,0,0,0,16,38,2.38,0,10,8,69,8.63,0,11,,120,
"ANTHONYDENHAM","Anthony Denham","HOU",,24,1,0,0,0,0,0,0,0,0,,0,0,0,0,,0,,,120,
"STEDMANBAILEY","Stedman Bailey","STL","WR",25,8,3,0,0,0,0,0,0,0,,0,25,12,182,15.17,1,24,,121,
"WILLJOHNSON","Will Johnson","PIT","RB",26,16,4,0,0,0,0,0,4,7,1.75,1,4,2,16,8,0,10,,121,
"DAVIDJOHNSON","David Johnson","SDG","TE",28,16,4,0,0,0,0,0,2,4,2,0,2,1,4,4,0,-1,,121,
"TAYLORGABRIEL","Taylor Gabriel","CLE","WR",24,13,4,0,0,0,0,0,0,0,,0,48,28,241,8.61,0,24,,122,
"MICHAELBURTON","Michael Burton","DET","RB",23,16,7,0,0,0,0,0,4,2,0.5,0,6,6,39,6.5,1,10,,122,
"RASHADGREENE","Rashad Greene","JAX","WR",23,9,0,0,0,0,0,0,0,0,,0,35,19,93,4.89,2,23,,123,
"RYANHEWITT","Ryan Hewitt","CIN","RB",24,15,12,0,0,0,0,0,0,0,,0,12,8,99,12.38,0,10,,123,
"ADAMTHIELEN","Adam Thielen","MIN","WR",25,16,2,0,0,0,0,0,4,89,22.25,0,18,12,144,12,0,23,,124,
"AUSTINJOHNSON","Austin Johnson","NOR","RB",26,10,1,0,0,0,0,0,4,9,2.25,1,8,5,30,6,0,10,,124,
"GRIFFWHALEN","Griff Whalen","IND","WR",25,14,0,0,0,0,0,0,0,0,,0,26,19,205,10.79,1,23,,125,
"JUWANTHOMPSON","Juwan Thompson","DEN","RB",23,15,1,0,0,0,0,0,18,48,2.67,0,9,6,51,8.5,0,10,,125,
"BENNIEFOWLER","Bennie Fowler","DEN","WR",24,16,1,0,0,0,0,0,0,0,,0,25,16,203,12.69,0,22,,126,
"MIKEDAVIS","Mike Davis","SFO","RB",22,6,0,0,0,0,0,0,35,58,1.66,0,13,7,38,5.43,0,10,,126,
"CHRISMATTHEWS","Chris Matthews","2TM","WR",26,13,0,0,0,0,0,0,0,0,,0,25,13,151,11.62,1,21,,127,
"STEVANRIDLEY","Stevan Ridley","NYJ","RB",26,9,1,0,0,0,0,0,36,90,2.5,0,5,4,-2,-0.5,0,9,,127,
"JORDANNORWOOD","Jordan Norwood","DEN","WR",29,11,5,0,0,0,0,0,0,0,,0,32,22,207,9.41,0,21,,128,
"ZURLONTIPTON","Zurlon Tipton","IND","RB",25,10,0,0,0,0,0,0,5,20,4,0,8,5,57,11.4,0,8,,128,
"JARONBROWN","Jaron Brown","ARI","WR",25,16,0,0,0,0,0,0,0,0,,0,23,11,144,13.09,1,20,,129,
"ZACHZENNER","Zach Zenner","DET","RB",24,6,1,0,0,0,0,0,17,60,3.53,0,3,2,11,5.5,0,7,,129,
"LOUISMURPHY","Louis Murphy","TAM","WR",28,6,1,0,0,0,0,0,0,0,,0,18,10,198,19.8,0,20,,130,
"TOBYGERHART","Toby Gerhart","JAX","RB",28,7,1,0,0,0,0,0,20,44,2.2,0,5,3,23,7.67,0,7,,130,
"ANDRECALDWELL","Andre Caldwell","DEN","WR",30,14,0,0,0,0,0,0,1,3,3,0,22,10,72,7.2,2,20,,131,
"FITZGERALDTOUSSAINT","Fitzgerald Toussaint","PIT","RB",25,5,0,0,0,0,0,0,18,42,2.33,0,0,0,0,,0,6,,131,
"JUSTINHARDY","Justin Hardy","ATL","WR",24,9,1,0,0,0,0,0,0,0,,0,36,21,194,9.24,0,19,,132,
"STEPFANTAYLOR","Stepfan Taylor","ARI","RB",24,16,0,0,0,0,0,0,17,58,3.41,0,3,1,4,4,0,6,,132,
"DONTEEADYE","Donteea Dye","TAM","WR",22,10,6,0,0,0,0,0,0,0,,0,30,11,132,12,1,19,,133,
"JARRYDHAYNE","Jarryd Hayne","SFO","RB",27,8,1,0,0,0,0,0,17,52,3.06,0,7,6,27,4.5,0,6,,133,
"JAVONTEEHERNDON","Javontee Herndon","SDG","WR",24,8,2,0,0,0,0,0,1,13,13,0,33,24,195,8.13,0,19,,134,
"TOMMYBOHANON","Tommy Bohanon","NYJ","RB",25,16,4,0,0,0,0,0,2,2,1,0,8,4,56,14,0,6,,134,
"TJJONES","T.J. Jones","DET","WR",23,10,0,0,0,0,0,0,1,-3,-3,0,18,10,132,13.2,1,17,,135,
"ANTHONYSHERMAN","Anthony Sherman","KAN","RB",27,16,2,0,0,0,0,0,1,0,0,0,5,4,34,8.5,0,5,,135,
"KENBRELLTHOMPKINS","Kenbrell Thompkins","NYJ","WR",27,7,2,0,0,0,0,0,0,0,,0,33,17,165,9.71,0,17,,136,
"JOSHROBINSON","Josh Robinson","IND","RB",23,5,0,0,0,0,0,0,17,39,2.29,0,6,6,33,5.5,0,5,,136,
"DEVINSMITH","Devin Smith","NYJ","WR",23,10,3,0,0,0,0,0,0,0,,0,28,9,115,12.78,1,16,,137,
"JACQUIZZRODGERS","Jacquizz Rodgers","CHI","RB",25,5,0,0,0,0,0,0,14,41,2.93,0,3,1,10,10,0,5,,137,
"DEVINSTREET","Devin Street","DAL","WR",24,14,2,0,0,0,0,0,0,0,,0,13,7,114,16.29,1,15,,138,
"JOEYIOSEFA","Joey Iosefa","NWE","RB",24,2,0,0,0,0,0,0,15,51,3.4,0,0,0,0,,0,5,,138,
"TYRELLWILLIAMS","Tyrell Williams","SDG","WR",23,4,0,0,0,0,0,0,0,0,,0,5,2,90,45,1,15,,139,
"REGGIEBUSH","Reggie Bush","SFO","RB",30,5,1,0,0,0,0,0,8,28,3.5,0,10,4,19,4.75,0,5,,139,
"MYLESWHITE","Myles White","NYG","WR",25,12,0,0,0,0,0,0,0,0,,0,20,7,88,12.57,1,15,,140,
"JAYPROSCH","Jay Prosch","HOU","RB",23,16,2,0,0,0,0,0,6,33,5.5,0,1,0,0,,0,3,,140,
"AARONDOBSON","Aaron Dobson","NWE","WR",24,8,3,0,0,0,0,0,0,0,,0,21,13,141,10.85,0,14,,141,
"DARRELYOUNG","Darrel Young","WAS","RB",28,16,3,0,0,0,0,0,6,10,1.67,0,6,6,22,3.67,0,3,,141,
"MARLONMOORE","Marlon Moore","CLE","WR",28,14,2,0,0,0,0,0,0,0,,0,10,7,81,11.57,1,14,,142,
"DERRICKCOLEMAN","Derrick Coleman","SEA","RB",25,14,3,0,0,0,0,0,8,32,4,0,1,1,0,0,0,3,,142,
"BRUCEELLINGTON","Bruce Ellington","SFO","WR",24,13,0,0,0,0,0,0,1,7,7,0,19,13,153,11.77,0,14,,143,
"JORDANTODMAN","Jordan Todman","PIT","RB",25,11,0,0,0,0,0,0,4,22,5.5,0,2,0,0,,0,2,,143,
"JASONAVANT","Jason Avant","KAN","WR",32,16,1,0,0,0,0,0,0,0,,0,24,15,119,7.93,0,14,,144,
"JOHNCROCKETT","John Crockett","GNB","RB",23,2,0,0,0,0,0,0,9,21,2.33,0,0,0,0,,0,2,,144,
"ANDREROBERTS","Andre Roberts","WAS","WR",27,9,0,0,0,0,0,0,0,0,,0,21,11,135,12.27,0,14,,145,
"TYLERVARGA","Tyler Varga","IND","RB",22,3,0,0,0,0,0,0,1,2,2,0,2,1,18,18,0,2,,145,
"JAREDABBREDERIS","Jared Abbrederis","GNB","WR",25,9,0,0,0,0,0,0,0,0,,0,16,9,111,12.33,0,13,,146,
"ALONZOHARRIS","Alonzo Harris","GNB","RB",23,6,0,0,0,0,0,0,4,19,4.75,0,1,0,0,,0,2,,146,
"RICARDOLOCKETTE","Ricardo Lockette","SEA","WR",29,8,0,0,0,0,0,0,0,0,,0,7,4,69,17.25,1,13,,147,
"AARONRIPKOWSKI","Aaron Ripkowski","GNB","RB",23,15,0,0,0,0,0,0,0,0,,0,1,1,18,18,0,2,,147,
"KEITHMUMPHERY","Keith Mumphery","HOU","WR",23,16,3,0,0,0,0,0,0,0,,0,32,14,129,9.21,0,13,,148,
"BERNARDPIERCE","Bernard Pierce","JAX","RB",24,7,0,0,0,0,0,0,6,11,1.83,0,5,3,7,2.33,0,2,,148,
"CHARLESJOHNSON","Charles Johnson","MIN","WR",26,11,4,0,0,0,0,0,0,0,,0,13,9,127,14.11,0,13,,149,
"ROOSEVELTNIX","Roosevelt Nix","PIT","RB",23,15,3,0,0,0,0,0,0,0,,0,3,2,16,8,0,2,,149,
"CAMERONMEREDITH","Cameron Meredith","CHI","WR",23,11,0,0,0,0,0,0,0,0,,0,16,11,120,10.91,0,12,,150,
"MALCOLMBROWN","Malcolm Brown","STL","RB",,1,0,0,0,0,0,0,4,17,4.25,0,1,1,-2,-2,0,2,,150,
"CODYLATIMER","Cody Latimer","DEN","WR",23,14,1,0,0,0,0,0,2,1,0.5,0,11,6,59,9.83,1,12,,151,
"MALCOLMJOHNSON","Malcolm Johnson","CLE","RB",23,12,5,0,0,0,0,0,0,0,,0,6,4,15,3.75,0,2,,151,
"BRANDONTATE","Brandon Tate","CIN","WR",28,16,0,0,0,0,0,0,0,0,,0,3,2,59,29.5,1,12,,152,
"JEROMEFELTON","Jerome Felton","BUF","RB",29,16,8,0,0,0,0,0,1,2,2,0,2,1,12,12,0,1,,152,
"MARCUSEASLEY","Marcus Easley","BUF","WR",28,13,0,0,0,0,0,0,0,0,,0,3,1,58,58,1,12,,153,
"BOBBYRAINEY","Bobby Rainey","TAM","RB",28,16,0,0,0,0,0,0,5,18,3.6,0,3,3,16,5.33,0,1,,153,
"DARIUSJENNINGS","Darius Jennings","CLE","WR",23,4,1,0,0,0,0,0,0,0,,0,21,14,117,8.36,0,12,,154,
"JORVORSKIELANE","Jorvorskie Lane","TAM","RB",28,16,6,0,0,0,0,0,1,0,0,0,2,2,13,6.5,0,1,,154,
"JEROMESIMPSON","Jerome Simpson","SFO","WR",29,5,1,0,0,0,0,0,0,0,,0,19,5,54,10.8,1,11,,155,
"TREYWILLIAMS","Trey Williams","IND","RB",23,2,0,0,0,0,0,0,2,12,6,0,0,0,0,,0,1,,155,
"MICHAELCAMPANARO","Michael Campanaro","BAL","WR",24,4,0,0,0,0,0,0,2,17,8.5,1,6,5,35,7,0,11,,156,
"RODSMITH","Rod Smith","2TM","RB",,11,0,0,0,0,0,0,2,5,2.5,0,2,1,6,6,0,1,,156,
"MARLONBROWN","Marlon Brown","BAL","WR",24,10,2,0,0,0,0,0,0,0,,0,30,14,112,8,0,11,,157,
"ANTONESMITH","Antone Smith","CHI","RB",30,5,0,0,0,0,0,0,1,11,11,0,0,0,0,,0,1,,157,
"RUSSELLSHEPARD","Russell Shepard","TAM","WR",25,13,1,0,0,0,0,0,0,0,,0,9,3,28,9.33,1,11,,158,
"TERRANCEMAGEE","Terrance Magee","BAL","RB",,3,0,0,0,0,0,0,2,5,2.5,0,1,1,2,2,0,1,,158,
"LUCKYWHITEHEAD","Lucky Whitehead","DAL","WR",23,15,1,0,0,0,0,0,10,107,10.7,0,8,6,16,2.67,0,10,,159,
"TYLERCLUTTS","Tyler Clutts","DAL","RB",31,16,5,0,0,0,0,0,0,0,,0,1,1,4,4,0,,,159,
"BRIANQUICK","Brian Quick","STL","WR",26,13,3,0,0,0,0,0,0,0,,0,32,10,102,10.2,0,10,,160,
"KENDALLHUNTER","Kendall Hunter","NOR","RB",27,2,0,0,0,0,0,0,1,2,2,0,0,0,0,,0,,,160,
"WESWELKER","Wes Welker","STL","WR",34,8,0,0,0,0,0,0,0,0,,0,22,13,102,7.85,0,10,,161,
"GEORGEWINN","George Winn","DET","RB",25,7,0,0,0,0,0,0,4,1,0.25,0,0,0,0,,0,,,161,
"BRENTONBERSIN","Brenton Bersin","CAR","WR",25,9,2,0,0,0,0,0,0,0,,0,11,9,119,13.22,0,10,,162,
"TREYWATTS","Trey Watts","STL",,24,1,0,0,0,0,0,0,0,0,,0,0,0,0,,0,,,162,
"DEONTETHOMPSON","Deonte Thompson","CHI","WR",26,7,0,0,0,0,0,0,0,0,,0,3,2,81,40.5,0,8,,163,
"KAPRIBIBBS","Kapri Bibbs","DEN",,22,1,0,0,0,0,0,0,0,0,,0,0,0,0,,0,,,163,
"CHRISOWUSU","Chris Owusu","NYJ","WR",25,3,2,0,0,0,0,0,0,0,,0,13,6,80,13.33,0,8,,164,
"ALLENBRADFORD","Allen Bradford","ATL",,27,6,0,0,0,0,0,0,0,0,,0,0,0,0,,0,,,164,
"JEFFJANIS","Jeff Janis","GNB","WR",24,16,0,0,0,0,0,0,0,0,,0,12,2,79,39.5,0,8,,165,
"JOEBANYARD","Joe Banyard","JAX",,27,5,0,0,0,0,0,0,0,0,,0,0,0,0,,0,,,165,
"TREMCBRIDE","Tre McBride","TEN","WR",23,7,0,0,0,0,0,0,1,8,8,0,4,2,8,4,1,8,,166,
"LAMICHAELJAMES","LaMichael James","MIA",,26,1,0,0,0,0,0,0,0,0,,0,0,0,0,,0,,,166,
"BRADLEYMARQUEZ","Bradley Marquez","STL","WR",,16,1,0,0,0,0,0,0,0,,0,22,13,88,6.77,0,7,,167,
"CEDRICPEERMAN","Cedric Peerman*","CIN",,29,16,0,0,0,0,0,0,0,0,,0,0,0,0,,0,,,167,
"DANIELBROWN","Daniel Brown","BAL","WR",23,6,1,0,0,0,0,0,0,0,,0,11,6,64,10.67,0,6,,168,
"CIERREWOOD","Cierre Wood","BUF","RB",24,2,0,0,0,0,0,0,2,3,1.5,0,1,1,-6,-6,0,,,168,
"KEVINSMITH","Kevin Smith","SEA","WR",24,7,1,0,0,0,0,0,0,0,,0,5,3,43,14.33,0,6,,169,
"COREYGRANT","Corey Grant","JAX","RB",24,6,0,0,0,0,0,0,6,2,0.33,0,3,2,13,6.5,0,-1,,169,
"COREYFULLER","Corey Fuller","DET","WR",25,12,0,0,0,0,0,0,0,0,,0,9,4,76,19,0,6,,170,
"ISAIAHPEAD","Isaiah Pead","STL","RB",26,2,0,0,0,0,0,0,2,3,1.5,0,0,0,0,,0,-2,,170,
"HAKEEMNICKS","Hakeem Nicks","NYG","WR",27,6,2,0,0,0,0,0,0,0,,0,14,7,54,7.71,0,5,,171,
"MARCUSMURPHY","Marcus Murphy","NOR","RB",24,13,0,0,0,0,0,0,1,0,0,0,0,0,0,,0,-2,,171,
"DWAYNEBOWE","Dwayne Bowe","CLE","WR",31,7,0,0,0,0,0,0,0,0,,0,13,5,53,10.6,0,5,,172,
"GLENNWINSTON","Glenn Winston","CLE","RB",26,3,0,0,0,0,0,0,1,-8,-8,0,0,0,0,,0,-3,,172,
"PRESTONPARKER","Preston Parker","NYG","WR",28,2,1,0,0,0,0,0,0,0,,0,12,5,43,8.6,0,4,,173,
"GREGSALAS","Greg Salas","BUF","WR",27,2,0,0,0,0,0,0,0,0,,0,5,3,41,13.67,0,4,,174,
"TERRELLEPRYOR","Terrelle Pryor","CLE","WR",26,3,2,0,0,0,0,0,1,-1,-1,0,8,1,42,42,0,4,,175,
"PAULRICHARDSON","Paul Richardson","SEA","WR",23,1,0,0,0,0,0,0,0,0,,0,1,1,40,40,0,4,,176,
"JEREMYROSS","Jeremy Ross","2TM","WR",27,11,0,0,0,0,0,0,1,2,2,0,14,9,88,9.78,0,3,,177,
"RODSTREATER","Rod Streater","OAK","WR",27,1,0,0,0,0,0,0,0,0,,0,1,1,8,8,0,3,,178,
"BJDANIELS","B.J. Daniels","2TM","WR",26,8,0,1,2,7,0,0,6,6,1,0,2,2,18,9,0,3,,179,
"ANDREWTURZILLI","Andrew Turzilli","TEN","WR",,3,0,0,0,0,0,0,0,0,,0,2,2,25,12.5,0,3,,180,
"TJGRAHAM","T.J. Graham","NOR","WR",26,4,0,0,0,0,0,0,0,0,,0,4,4,24,6,0,2,,181,
"MARQUISEGOODWIN","Marquise Goodwin","BUF","WR",25,2,0,0,0,0,0,0,0,0,,0,2,2,24,12,0,2,,182,
"VINCENTBROWN","Vincent Brown","SDG","WR",26,1,0,0,0,0,0,0,0,0,,0,2,1,22,22,0,2,,183,
"GEREMYDAVIS","Geremy Davis","NYG","WR",23,10,0,0,0,0,0,0,0,0,,0,3,2,21,10.5,0,2,,184,
"DEANDREWWHITE","DeAndrew White","SFO","WR",,4,0,0,0,0,0,0,0,0,,0,2,2,18,9,0,2,,185,
"DARRENWALLER","Darren Waller","BAL","WR",23,6,1,0,0,0,0,0,0,0,,0,6,2,18,9,0,2,,186,
"ERICWEEMS","Eric Weems","ATL","WR",30,16,0,0,0,0,0,0,1,4,4,0,1,1,11,11,0,2,,187,
"MARIOALFORD","Mario Alford","CIN","WR",23,1,0,0,0,0,0,0,0,0,,0,1,1,15,15,0,2,,188,
"CHANDLERWORTHY","Chandler Worthy","HOU","WR",22,3,0,0,0,0,0,0,0,0,,0,4,3,14,4.67,0,1,,189,
"KASENWILLIAMS","Kasen Williams","SEA","WR",,2,0,0,0,0,0,0,1,5,5,0,1,1,8,8,0,1,,190,
"SAMMIECOATES","Sammie Coates","PIT","WR",22,7,0,0,0,0,0,0,0,0,,0,2,1,11,11,0,1,,191,
"JONATHANKRAUSE","Jonathan Krause","PHI","WR",23,2,0,0,0,0,0,0,0,0,,0,4,2,11,5.5,0,1,,192,
"BENEDWARDS","Ben Edwards","NYG","WR",23,2,0,0,0,0,0,0,0,0,,0,2,1,9,9,0,1,,193,
"TONYWASHINGTON","Tony Washington","JAX","WR",25,4,0,0,0,0,0,0,1,8,8,0,0,0,0,,0,1,,194,
"DAMARISJOHNSON","Damaris Johnson","NWE","WR",26,1,0,0,0,0,0,0,1,6,6,0,0,0,0,,0,1,,195,
"CORDARRELLEPATTERSON","Cordarrelle Patterson","MIN","WR",24,16,1,0,0,0,0,0,2,15,7.5,0,2,2,10,5,0,1,,196,
"BRITTANGOLDEN","Brittan Golden","ARI","WR",27,16,0,0,0,0,0,0,0,0,,0,1,1,5,5,0,1,,197,
"SEYIAJIROTUTU","Seyi Ajirotutu","PHI","WR",28,13,0,0,0,0,0,0,0,0,,0,3,1,4,4,0,,,198,
"MATTSLATER","Matt Slater*","NWE",,30,16,0,0,0,0,0,0,0,0,,0,1,0,0,,0,,,199,
"NICKTOON","Nick Toon","STL",,27,1,0,0,0,0,0,0,0,0,,0,0,0,0,,0,,,200,
"RICORICHARDSON","Rico Richardson","TEN",,24,5,0,0,0,0,0,0,0,0,,0,5,0,0,,0,,,201,
"MATTHAZEL","Matt Hazel","MIA",,23,5,1,0,0,0,0,0,0,0,,0,1,0,0,,0,,,202,
"SAALIMHAKIM","Saalim Hakim","KAN",,25,2,0,0,0,0,0,0,0,0,,0,0,0,0,,0,,,203,
"KEVINNORWOOD","Kevin Norwood","CAR",,26,1,0,0,0,0,0,0,0,0,,0,1,0,0,,0,,,204,
"WALTPOWELL","Walt Powell","BUF",,24,2,0,0,0,0,0,0,0,0,,0,0,0,0,,0,,,205,
"DRIARCHER","Dri Archer","PIT",,24,8,0,0,0,0,0,0,0,0,,0,0,0,0,,0,,,206,
"CHRISHARPER","Chris Harper","NWE","WR",22,5,0,0,0,0,0,0,0,0,,0,3,1,6,6,0,-1,,207,
"FRANKIEHAMMOND","Frankie Hammond","KAN",,25,10,0,0,0,0,0,0,0,0,,0,0,0,0,,0,-2,,208,
"MARCUSTHIGPEN","Marcus Thigpen","2TM","WR",29,9,0,0,0,0,0,0,1,-1,-1,0,0,0,0,,0,-4,,209,
